id;sentiment;text
1;positive;“ö.–ò.–°–∞—Ç–±–∞–µ–≤ –∞—Ç—ã–Ω–¥–∞“ì—ã “õ–∞–∑–∞“õ “±–ª—Ç—Ç—ã“õ —Ç–µ—Ö–Ω–∏–∫–∞–ª—ã“õ –∑–µ—Ä—Ç—Ç–µ—É —É–Ω–∏–≤–µ—Ä—Å–∏—Ç–µ—Ç—ñ, “ö–∞–∑–∞“õ—Å—Ç–∞–Ω –†–µ—Å–ø—É–±–ª–∏–∫–∞—Å—ã–Ω—ã“£ –¥–∞–º—ã“ì–∞–Ω –æ–∑—ã“õ 30 –µ–ª–¥—ñ“£ “õ–∞—Ç–∞—Ä—ã–Ω–∞  “õ–∞—Ç–∞—Ä—ã–Ω–∞ “õ–æ—Å—ã–ª—É “Ø—à—ñ–Ω –æ—Ä–∞—Å–∞–Ω –∑–æ—Ä —ã“õ–ø–∞–ª—ã–Ω —Ç–∏–≥—ñ–∑—ñ–ø, –∂–∞—Å—Ç–∞—Ä–¥—ã“£ –∑–∞–º–∞–Ω–∞–ª—ã“õ “ì—ã–ª—ã–º—ã–∏ –∂–µ—Ç—ñ—Å—Ç—ñ–∫—Ç–µ—Ä–¥—ñ –∏–≥–µ—Ä—ñ–ø,–∏–Ω–∞–≤–∞—Ü—è–ª—ã“õ –±–∞“ì—ã—Ç—Ç–∞ –∂“±–º—ã—Å –∂–∞—Å–∞—É—ã–Ω–∞, –µ–ª—ñ–º—ñ–∑–¥—ñ“£ –µ“£—Ä—Ç–µ“£—ñ –º–µ–Ω –∫–µ–ª–µ—à–µ–≥—ñ “Ø—à—ñ–Ω –µ“£–±–µ–∫ –µ—Ç—É—ñ–Ω–µ “Ø–ª–∫–µ–Ω –ø–∞–π–¥–∞—Å—ã–Ω —Ç–∏–≥—ñ–∑—ñ–ø –æ—Ç—ã—Ä“ì–∞–Ω –µ“£ ”©–∑—ã“õ, –µ“£ –∂–æ“ì–∞—Ä—ã ”©—Ä–µ–¥–µ–≥—ñ –±—ñ—Ä–¥–µ–Ω –±—ñ—Ä —É–Ω–∏–≤–µ—Ä—Å–∏—Ç–µ—Ç.
2;positive;”®—Ç–µ –∫–µ—Ä–µ–º–µ—Ç ”©–º—ñ—Ä–¥—ñ –∫”©—Ä—Å–µ—Ç–µ—Ç—ñ–Ω ”©–º—ñ—Ä –º–µ–∫—Ç–µ–±—ñ!
3;positive;–ë“±–ª –ê–ª–º–∞—Ç—ã–¥–∞“ì—ã –µ“£ –∂–∞“õ—Å—ã —É–Ω–∏–≤–µ—Ä—Å–∏—Ç–µ—Ç —à—ã“ì–∞—Ä. –ú–µ–Ω–µ–¥–∂–º–µ–Ω—Ç “õ—ã–∑—ã“õ—Ç—ã —Ä–µ—Ñ–æ—Ä–º–∞–ª–∞—Ä –∂“Ø—Ä–≥—ñ–∑—ñ–ø, —É–Ω–∏–≤–µ—Ä—Å–∏—Ç–µ—Ç—Ç—ñ —Å—Ç—É–¥–µ–Ω—Ç—Ç–µ—Ä “Ø—à—ñ–Ω –∑–∞–º–∞–Ω–∞—É–∏, —Ç–∞—Ä—Ç—ã–º–¥—ã –∂”ô–Ω–µ ”©–∑–µ–∫—Ç—ñ –µ—Ç—É–¥–µ. –î–µ–≥–µ–Ω–º–µ–Ω, —Ç–µ—Ö–Ω–∏–∫–∞–ª—ã“õ –º–∞–º–∞–Ω–¥—ã“õ—Ç–∞—Ä ”ô—Ä“õ–∞—à–∞–Ω —Å“±—Ä–∞–Ω—ã—Å“õ–∞ –∏–µ –±–æ–ª–∞–¥—ã. –ï–≥–µ—Ä –º–µ–Ω “ö–∞–∑–∞“õ—Å—Ç–∞–Ω–¥–∞ –∞–±–∏—Ç—É—Ä–∏–µ–Ω—Ç –±–æ–ª—Å–∞–º, –ü–æ–ª–∏—Ç–µ—Ö–Ω–∏–∫–∞–ª—ã“õ —É–Ω–∏–≤–µ—Ä—Å–∏—Ç–µ—Ç—Ç—ñ —Ç–∞“£–¥–∞—Ä –µ–¥—ñ–º!
4;negative;“í–ó–¢–ö–ñ “õ–∞–π –∂–µ—Ä–¥–µ –æ—Ä–Ω–∞–ª–∞—Å“õ–∞–Ω—ã–Ω –µ—à–∫—ñ–º –±—ñ–ª–º–µ–π–¥—ñ, –æ“õ—ã—Ç—É—à—ã–ª–∞—Ä –¥–∞, —Å—Ç—É–¥–µ–Ω—Ç—Ç–µ—Ä –¥–µ –±—ñ–ª–º–µ–π–¥—ñ –∂”ô–Ω–µ –∏–Ω—Å—Ç–∏—Ç—É—Ç –¥–∏—Ä–µ–∫—Ç–æ—Ä–ª–∞—Ä—ã –±—ñ–ª–º–µ–π–¥—ñ, “ì–∏–º–∞—Ä–∞—Ç—Ç–∞ –∏–Ω—Å—Ç–∏—Ç—É—Ç –ø–∞, —É–Ω–∏–≤–µ—Ä—Å–∏—Ç–µ—Ç –ø–µ, –Ω–∞“õ—Ç—ã –∂–∞–∑—É –∂–æ“õ, –∫“Ø–∑–µ—Ç—à—ñ–ª–µ—Ä –º“Ø–ª–¥–µ –±—ñ–ª–º–µ–π–¥—ñ.
5;positive;–ñ–∞“õ—Å—ã –∏–Ω—Å—Ç–∏—Ç—É—Ç! “∞–∑–∞“õ —É–∞“õ—ã—Ç –±–∞—Ä. –û–ª –±—ñ–∑–¥—ñ“£ –¥”ô—É—ñ—Ä—ñ–º—ñ–∑–¥—ñ“£ –º—ã“£ —Ç–æ“ì—ã–∑ –∂“Ø–∑ –æ—Ç—ã–∑ —Ç”©—Ä—Ç—ñ–Ω—à—ñ –∂—ã–ª—ã “õ“±—Ä—ã–ª“ì–∞–Ω. ”ò—Ä“õ–∞—à–∞–Ω –±—ñ–ª—ñ–º–¥—ñ —Å—Ç—É–¥–µ–Ω—Ç—Ç–µ—Ä–¥—ñ –±—ñ—Ç—ñ—Ä–≥–µ–Ω –Ω–µ–º–µ—Å–µ —É–Ω–∏–≤–µ—Ä—Å–∏—Ç–µ—Ç–∫–µ —Ç“Ø—Å—É—à—ñ–ª–µ—Ä–¥—ñ “õ–∞–ª–∞–π –∞–π—Ç—É –∫–µ—Ä–µ–∫. –ñ–∞“õ—Å—ã –æ“õ—ã—Ç—É—à—ã–ª–∞—Ä - –¥–æ—Ü–µ–Ω—Ç—Ç–µ—Ä, –ø—Ä–æ—Ü–µ—Å—Å–æ—Ä —à–µ–±–µ—Ä–ª–µ—Ä—ñ –∂”ô–Ω–µ –±–∞—Å“õ–∞ “ì—ã–ª—ã–º–∏ –¥”ô—Ä–µ–∂–µ–ª–µ—Ä. –ú“±–Ω–¥–∞ –∫–µ—à–∫–µ, –∂“±–º—ã—Å—Ç–∞–Ω –∫–µ–π—ñ–Ω, –µ–≥–µ—Ä –±–∞—Ä –±–æ–ª—Å–∞ –º–∞–≥–∏—Å—Ç—Ä–∞—Ç—É—Ä–∞ –±–∞—Ä. “ö—ã—Å“õ–∞—Å—ã, –±—ñ–ª—ñ–º –∞–ª—É –æ“£–∞–π –µ–º–µ—Å, –±—ñ—Ä–∞“õ –æ–ª –º–µ–∫—Ç–µ–ø—Ç–µ–Ω –∫–µ–π—ñ–Ω —Ç–∞–Ω—ã–º–∞–ª –∂”ô–Ω–µ 
6;negative;4 –∫—É—Ä—Å, 2 –∂—ã–ª —Å—É –∂”ô–Ω–µ “õ–∞–∂–µ—Ç –µ–º–µ—Å –±—ñ–ª—ñ–º. –ë—ñ—Ä–∞“õ –Ω–µ —ñ—Å—Ç–µ—É –∫–µ—Ä–µ–∫ - —à–∞“ì—ã–º –±–µ—Ä—É “Ø—à—ñ–Ω –∫“Ø–Ω”ô –±–µ—Ä—É
7;negative;–¢—ã–º –µ—Å–∫—ñ—Ä–≥–µ–Ω –∂”ô–Ω–µ —Ç–∞—è“õ –∂–æ“õ.
8;positive;–ê–¥–∞–º–¥–∞—Ä –±“±–ª —É–Ω–∏–≤–µ—Ä—Å–∏—Ç–µ—Ç—Ç—ñ“£ –º—ã“õ—Ç—ã –º“±–Ω–∞–π-–≥–∞–∑ –∏–Ω–∂–µ–Ω–µ—Ä—ñ –º–µ–∫—Ç–µ–±—ñ –±–∞—Ä –¥–µ–π–¥—ñ
9;negative;–ë“±–ª —É–Ω–∏–≤–µ—Ä—Å–∏—Ç–µ—Ç–∫–µ –∫—ñ—Ä–º–µ. –ì–æ–ø–Ω–∏–∫–æ–≤ ”©–ª—Ç—ñ—Ä–µ–¥—ñ
10;positive;“Æ–∑–¥—ñ–∫ —Å—Ç—É–¥–µ–Ω—Ç—Ç–µ—Ä, —Å—ã—Ä—Ç—ã “Ø–ª–∫–µ–Ω –¥”ô—Ä–µ—Ç—Ö–∞–Ω–∞ —Å–∏—è“õ—Ç—ã –∫”©—Ä—ñ–Ω–≥–µ–Ω—ñ–º–µ–Ω, “ì–∏–º–∞—Ä–∞—Ç —ñ—à—ñ ”ô–¥–µ–º—ñ –±–µ–∑–µ–Ω–¥—ñ—Ä—ñ–ª–≥–µ–Ω
11;positive;IT –º–∞–º–∞–Ω–¥—ã“õ—Ç–∞—Ä—ã –±–æ–π—ã–Ω—à–∞ “Ø–∑–¥—ñ–∫ —É–Ω–∏–≤–µ—Ä—Å–∏—Ç–µ—Ç, –∫–µ—à—ñ—Ä—ñ“£—ñ–∑, –∂–∞—Ç–∞“õ—Ö–∞–Ω–∞ –∂–æ“õ.
12;positive;–û–ª –æ—Å—ã —É–Ω–∏–≤–µ—Ä—Å–∏—Ç–µ—Ç—Ç—ñ –±—ñ—Ç—ñ—Ä–¥—ñ, –∂–∞“õ—Å—ã –æ“õ—ã—Ç—É—à—ã–ª–∞—Ä, –±—ñ—Ä–∞“õ —É–Ω–∏–≤–µ—Ä—Å–∏—Ç–µ—Ç—Ç—ñ“£ ”©–∑—ñ–Ω–¥–µ –±“±–¥–∞–Ω –∂–∞–º–∞–Ω –µ—à—Ç–µ“£–µ –∂–æ“õ ..!
13;negative;–ú–µ–Ω 3 “õ–æ–π–¥—ã–º, ”©–π—Ç–∫–µ–Ω—ñ –º”ô–¥–µ–Ω–∏–µ—Ç —Ç”©–º–µ–Ω
14;negative;–î–æ–∫—Ç–æ—Ä–ª—ã“õ –µ–º—Ç–∏—Ö–∞–Ω–¥–∞—Ä–¥—ã —Ç–∞–ø—Å—ã—Ä–¥—ã, –∂–µ–º“õ–æ—Ä —à–µ–Ω–µ—É–Ω—ñ–∫—Ç–µ—Ä –±–∞—Å—ã–Ω–¥–∞ –æ—Ç—ã—Ä!
15;negative;–ñ–µ–∫—Å“±—Ä—ã–Ω —É–Ω–∏–≤–µ—Ä—Å–∏—Ç–µ—Ç, –µ“£ –∂–∞–º–∞–Ω—ã. –ñ–∞—Ç—Ç—ã“ì—É –∂–æ“õ. –±—ñ–ª—ñ–º –Ω”©–ª –±–µ—Ä–µ–¥—ñ. –®–∞—Ä–∞—à–∫–∏–Ω–∞ –∫–µ“£—Å–µ—Å—ñ. –û–ª “Ø—à—ñ–Ω –µ—à“õ–∞–Ω–¥–∞–π –∫”©–ª—ñ–∫—Ç–µ—Ä–≥–µ –±–∞—Ä–º–∞“£—ã–∑, ”ô—Å—ñ—Ä–µ—Å–µ —Ñ–∏–Ω –∂”ô–Ω–µ –±–∞—Å“õ–∞—Ä—É “Ø—à—ñ–Ω.
16;positive;–¢–∞–º–∞—à–∞ —É–Ω–∏–≤–µ—Ä—Å–∏—Ç–µ—Ç. –ú–µ–Ω ”©–∑—ñ–º VTIPO –º–∞–º–∞–Ω–¥—ã“ì—ã–Ω—ã“£ IT —Ñ–∞–∫—É–ª—å—Ç–µ—Ç—ñ–Ω—ñ“£ 2 –∫—É—Ä—Å —Å—Ç—É–¥–µ–Ω—Ç—ñ–º—ñ–Ω –∂”ô–Ω–µ —Ç“Ø—Å–∫–µ–Ω—ñ–º–µ –µ—à“õ–∞—à–∞–Ω ”©–∫—ñ–Ω–≥–µ–Ω –µ–º–µ—Å–ø—ñ–Ω. –ú“±“ì–∞–ª—ñ–º–¥–µ—Ä –º“Ø–º–∫—ñ–Ω–¥—ñ–≥—ñ–Ω—à–µ –º”ô—Å–µ–ª–µ“£—ñ–∑–¥—ñ —à–µ—à—ñ–ø, –∂–∏–Ω–∞–ª—ã—Å“õ–∞ –±–∞—Ä–∞–¥—ã. –ê–ª —Å–∞–±–∞“õ—Ç–∞—Ä–¥—ã“£ —Å–∞–ø–∞—Å—ã –∂–æ“ì–∞—Ä—ã. –û–ª —Å–æ–Ω–¥–∞–π-–∞“õ –∂“±–º—ã—Å–ø–µ–Ω “õ–∞–º—Ç—É –ø–µ—Ä—Å–ø–µ–∫—Ç–∏–≤–∞—Å—ã–Ω “õ–∞–º—Ç–∞–º–∞—Å—ã–∑ –µ—Ç–µ–¥—ñ. “ö—ã–∑—ã“õ—Ç—ã —Å—Ç—É–¥–µ–Ω—Ç—Ç—ñ–∫ ”©–º—ñ—Ä —Å—ñ–∑–¥—ñ –Ω–∞–∑–∞—Ä–¥–∞–Ω —Ç—ã—Å “õ–∞–ª–¥—ã—Ä–º–∞–π–¥—ã
17;positive;–ñ–∞“õ—Å—ã —É–Ω–∏–≤–µ—Ä—Å–∏—Ç–µ—Ç. –ö–µ–º –¥–µ–≥–µ–Ω–¥–µ, –±“±–ª —à–∞–º–∞–º–µ–Ω 5 –∂—ã–ª –±“±—Ä—ã–Ω –±–æ–ª“ì–∞–Ω. –ê“ì—ã–ª—à—ã–Ω —Ç—ñ–ª—ñ–Ω–¥–µ –ª–∞–π—ã“õ—Ç—ã –±—ñ–ª—ñ–º. –ê–ª –Ω–µ–≥—ñ–∑–≥—ñ –ø—Ä–æ–±–ª–µ–º–∞–ª–∞—Ä “ö–∞–∑–∞“õ—Å—Ç–∞–Ω –†–µ—Å–ø—É–±–ª–∏–∫–∞—Å—ã–Ω—ã“£ –±“Ø–∫—ñ–ª –±—ñ–ª—ñ–º –±–µ—Ä—É –∂“Ø–π–µ—Å—ñ–Ω–¥–µ–≥—ñ–¥–µ–π.
18;positive;"–ë“±–ª –ª–∞–π—ã“õ—Ç—ã —É–Ω–∏–≤–µ—Ä—Å–∏—Ç–µ—Ç. –ú–µ–Ω –æ–ª –∂–∞“õ“õ–∞ –±—ñ—Ä—ñ–Ω—à—ñ –∫—É—Ä—Å—Ç–∞ –±–æ–ª–¥—ã–º, —Å–æ—Å—ã–Ω —Ç–∞—Å—Ç–∞–ø –∫–µ—Ç—Ç—ñ–º ..
–ú–µ–Ω –º“±–Ω–¥–∞ –∫–µ–ª–º–µ—Å –±“±—Ä—ã–Ω –±–∞“ì–¥–∞—Ä–ª–∞–º–∞–ª—ã“õ –∂–∞—Å–∞“õ—Ç–∞–º–∞ –∂–∞—Å–∞—É —Ç—É—Ä–∞–ª—ã –µ—à—Ç–µ“£–µ –±—ñ–ª–º–µ–¥—ñ–º, –±—ñ—Ä –∂—ã–ª–¥—ã“£ —ñ—à—ñ–Ω–¥–µ –º–µ–Ω –∫”©–ø –Ω”ô—Ä—Å–µ–Ω—ñ –±—ñ–ª–¥—ñ–º. –ï–≥–µ—Ä —Å—ñ–∑ –±“±–ª –∂–µ—Ä–≥–µ –∂—ñ–±–µ—Ä–µ –∞–ª–º–∞–π—Ç—ã–Ω –±–æ–ª—Å–∞“£—ã–∑, –∫”©–ø —É–∞“õ—ã—Ç—Ç—ã –æ“õ—É—ã“£—ã–∑“ì–∞ –∂”ô–Ω–µ –∂“±–º—ã—Å —ñ—Å—Ç–µ—É–≥–µ —Ç—É—Ä–∞ –∫–µ–ª–µ—Ç—ñ–Ω–¥—ñ–≥—ñ–Ω –∞–π—Ç“õ—ã–º –∫–µ–ª–µ–¥—ñ."
19;positive;”®—Ç–µ –∂–∞–∫—Å—ã –∂–µ—Ä –±–∞–ª–∞–º –æ“õ–∏–¥—ã –±—ñ–ª—ñ–º –∞–ª—ã–ø –∂–∞—Ç—ã—Ä
20;positive;”ò–ª-–§–∞—Ä–∞–±–∏ –∞—Ç—ã–Ω–¥–∞“ì—ã “ö–∞–∑–∞“õ “±–ª—Ç—Ç—ã“õ —É–Ω–∏–≤–µ—Ä—Å–∏—Ç–µ—Ç—ñ–Ω–µ –±–∏—ã–ª 85 –∂—ã–ª. –û—Å—ã –∂—ã–ª —ñ—à—ñ–Ω–¥–µ —É–Ω–∏–≤–µ—Ä—Å–∏—Ç–µ—Ç —Ç–∞–ª–∞–π –±–µ–ª–µ—Å—Ç–µ—Ä–≥–µ –∂–µ—Ç—Ç—ñ –∂”ô–Ω–µ ”ô–ª–µ–º–¥—ñ–∫ –¥–µ“£–≥–µ–π–≥–µ —à—ã“õ—Ç—ã. “ö–∞–∑–∞“õ “±–ª—Ç—Ç—ã“õ —É–Ω–∏–≤–µ—Ä—Å–∏—Ç–µ—Ç—ñ –∂–∞—Å—Ç–∞—Ä“ì–∞ –∫”©–ø—Ç–µ–≥–µ–Ω –º“Ø–º–∫—ñ–Ω—à—ñ–ª—ñ–∫—Ç–µ—Ä –∂–∞—Å–∞—É–¥–∞. –ë“±–ª —É–Ω–∏–≤–µ—Ä—Å–∏—Ç–µ—Ç—Ç–µ —à–µ—Ç–µ–ª–¥–µ–Ω –∫–µ–ª–≥–µ–Ω –ø—Ä–æ—Ñ–µ—Å—Å–æ—Ä–ª–∞—Ä —Å–∞–±–∞“õ –±–µ—Ä–µ–¥—ñ.
21;positive;”®—Ç–µ –∂–∞“õ—Å—ã –æ“õ—É –æ—Ä–Ω—ã !!! –ú–∞–≥–∏—Å—Ç—Ä–∞—Ç—É—Ä–∞ –æ“õ—É –∫–µ–∑—ñ–Ω–¥–µ –µ—à“õ–∞–Ω–¥–∞–π “õ–∏—ã–Ω–¥—ã“õ—Ç–∞—Ä –±–æ–ª–º–∞–¥—ã. “∞—Å—Ç–∞–∑–¥–∞—Ä ”©—Ç–µ –∂–æ“ì–∞—Ä—ã –±—ñ–ª—ñ–º–¥—ñ!
22;neutral;–ú–µ–Ω—ñ“£ –æ“õ—ã“ì–∞–Ω “õ–∞—Ä–∞ —à–∞“£—ã—Ä–∞“ì—ã–º.
23;positive;–ú–µ–Ω “Ø—à—ñ–Ω –µ“£ —Å“Ø–π—ñ–∫—Ç—ñ “ì—ã–ª—ã–º –æ—Ä–¥–∞—Å—ã!
24;positive;–ë“Ø–≥—ñ–Ω –º–µ–Ω –∞–ª“ì–∞—à —Ä–µ—Ç “ö–∞–∑–∞“õ—Å—Ç–∞–Ω —É–Ω–∏–≤–µ—Ä—Å–∏—Ç–µ—Ç—ñ–Ω–¥–µ, –¥”ô–ª—ñ—Ä–µ–∫ –∞–π—Ç—Å–∞“õ, –∞–Ω–∞–º –æ“õ—ã“ì–∞–Ω “ö–∞–∑–ú–£-–¥–∞ –±–æ–ª–¥—ã–º. –ê–Ω–∞–º–Ω—ã“£ –∂–æ–ª—ã–Ω “õ—É—É –∫–µ—Ä–µ–∫ —à—ã“ì–∞—ÄüòÑ —à–µ—Ç–µ–ª–¥–µ –µ–º–µ—Å, –æ—Å—ã–Ω–¥–∞ –æ“õ—É. –ú–∞“ì–∞–Ω –±“±–ª –∂–µ—Ä ”©—Ç–µ “±–Ω–∞–¥—ã, –±–∞—Ä–ª—ã“õ –∫–∞–º–ø—É—Å—Ç–∞—Ä–¥–∞ –∞–π—Ç—ã–ø –∂–µ—Ç–∫—ñ–∑—É –º“Ø–º–∫—ñ–Ω –µ–º–µ—Å —Ç–∞—É–ª–∞—Ä –∫”©—Ä—ñ–Ω–µ–¥—ñ. –ú–µ–Ω –¥–æ–∫—Ç–æ—Ä–∞–Ω—Ç—É—Ä–∞“ì–∞ —Ç“Ø—Å—É—ñ–º –∫–µ—Ä–µ–∫
25;positive;–¢–∞–º–∞—à–∞. –ë“±–ª –º–µ–Ω—ñ“£ —É–Ω–∏–≤–µ—Ä—Å–∏—Ç–µ—Ç—ñ–º. “ö–∞–∑—ñ—Ä –º“±–Ω–¥–∞ –±”ô—Ä—ñ ”©–∑–≥–µ—Ä–¥—ñ. –ö”©–ø—Ç–µ–≥–µ–Ω –∂–∞“£–∞ “ì–∏–º–∞—Ä–∞—Ç—Ç–∞—Ä. –ú–µ–Ω –±—ñ–ª—ñ–º —Å–∞–ø–∞—Å—ã —Ç—É—Ä–∞–ª—ã –±—ñ–ª–º–µ–π–º—ñ–Ω. –ï“£ –±–∞—Å—Ç—ã—Å—ã, –∂–µ–º“õ–æ—Ä –æ“£—Ç“Ø—Å—Ç—ñ–∫ —Ç“±—Ä“ì—ã–Ω–¥–∞—Ä—ã –æ–ª –∂–µ—Ä–≥–µ –∫–µ–ª–º–µ–π–¥—ñ.
26;negative;“ö–∞–∑–∞“õ—Å—Ç–∞–Ω–¥–∞“ì—ã –µ“£ –Ω–∞—à–∞—Ä —É–Ω–∏–≤–µ—Ä—Å–∏—Ç–µ—Ç, –º–µ–Ω—ñ“£ GPA —Ç”©–º–µ–Ω –±–æ–ª–¥—ã, GPA –∂–æ“ì–∞—Ä—ã–ª–∞—Ç—É –µ—Ä–µ–∂–µ—Å—ñ –±–∞—Ä, –±—ñ—Ä–∞“õ –æ–ª–∞—Ä –º–µ–Ω—ñ –±—ñ—Ä–¥–µ–Ω —Å”ô—Ç—Å—ñ–∑–¥—ñ–∫–∫–µ “±—à—ã—Ä–∞—Ç—ã–ø, –º–µ–Ω—ñ –±—ñ—Ä –∂—ã–ª “õ–∞–π—Ç–∞–ª–∞—É“ì–∞ –º”ô–∂–±“Ø—Ä –µ—Ç—Ç—ñ, –±“±“ì–∞–Ω —Å–µ–Ω–±–µ.
27;negative;–£–Ω–∏–≤–µ—Ä—Å–∏—Ç–µ—Ç —Å–∏—è“õ—Ç—ã “õ–∞–±—ã–ª–¥–∞—É –∫–æ–º–∏—Å—Å–∏—è—Å—ã–Ω—ã“£ –∂“±–º—ã—Å—ã –∂–æ–ª“ì–∞ “õ–æ–π—ã–ª–º–∞“ì–∞–Ω, –∞–ª ZERO “±–π—ã–º–¥–∞—Ä—ã, —Ç–µ—Ö–Ω–∏–∫–∞–ª—ã“õ —Ö–∞—Ç—à—ã–ª–∞—Ä –∞–¥–∞–º–¥–∞—Ä–º–µ–Ω “õ–∞–ª–∞–π –∂“±–º—ã—Å —ñ—Å—Ç–µ—É–¥—ñ –±—ñ–ª–º–µ–π–¥—ñ, –∂”ô–Ω–µ –æ–ª–∞—Ä —É–Ω–∏–≤–µ—Ä—Å–∏—Ç–µ—Ç—Ç—ñ“£ –æ“õ—ã—Ç—É—à—ã–ª–∞—Ä—ã, –º–µ–Ω –æ–ª–∞—Ä–¥—ã“£ —Å—Ç—É–¥–µ–Ω—Ç—Ç–µ—Ä–≥–µ “õ–∞–ª–∞–π —Å–∞–±–∞“õ –±–µ—Ä–µ—Ç—ñ–Ω—ñ–Ω –µ–ª–µ—Å—Ç–µ—Ç–µ –¥–µ –∞–ª–º–∞–π–º—ã–Ω. “ö–∞–±—ã–ª–¥–∞—É –∫–æ–º–∏—Å—Å–∏—è—Å—ã–Ω—ã“£ —Ç”©—Ä–∞“ì–∞—Å—ã —Å–∞“ì–∞—Ç 12.00-–≥–µ –∫–µ–ª—ñ–ø, ”©—Ç—ñ–Ω—ñ—à –±–µ—Ä—É—à—ñ–ª–µ—Ä–¥—ñ“£ –∫”©–ø –±–æ–ª“ì–∞–Ω—ã–º–µ–Ω, –∂–∏–Ω–∞–ª—ã—Å ”©—Ç–∫—ñ–∑—É–¥—ñ “±–π“ì–∞—Ä–¥—ã. –¢–µ–∫ –º–µ–Ω—ñ“£ “õ—ã–∑—ã–º–Ω—ã“£ –∞—Ä“õ–∞—Å—ã–Ω–¥–∞ –±—ñ–∑ –æ—Å—ã —É–Ω–∏–≤–µ—Ä—Å–∏—Ç–µ—Ç—Ç—ñ —Ç–∞“£–¥–∞–¥—ã“õ, —Å–æ–Ω–¥—ã“õ—Ç–∞–Ω –æ–ª –∂–∞“õ“õ–∞ –±–∞—Ä–º–∞–π–º—ã–∑, –Ω–µ–≥–µ –µ–ª–¥–µ —Ç”ô—Ä—Ç—ñ–ø—Å—ñ–∑–¥—ñ–∫ –±–∞—Ä,
28;negative;–ë—ñ—Ä –∂—ã–ª–¥–∞–Ω –∫–µ–π—ñ–Ω –º–∞–≥–∏—Å—Ç—Ä –¥”ô—Ä–µ–∂–µ—Å—ñ–Ω –∞–ª“ì—ã“£—ã–∑ –∫–µ–ª–µ –º–µ? 2 000 000 —Ç–µ“£–≥–µ —Ç”©–ª–µ“£—ñ–∑, –æ“ì–∞–Ω + 300 000 —Ç–∞—É–∞—Ä –∞–π—ã—Ä–º–∞—à—ã–ª—ã“ì—ã –±–∞—Ä, —Å–æ–Ω–¥–∞ —Å—ñ–∑ –∂–∞–Ω—É–∞—Ä —Å–∏—è“õ—Ç—ã “õ–∞—Ä–∞–ª–∞—Å—ã–∑! –ü—Ä–∞–∫—Ç–∏–∫–∞ –±–∞—Å—Ç–∞–ª“ì–∞–Ω –∫–µ–∑–¥–µ –∫–µ–ª—ñ—Å—ñ–º—à–∞—Ä—Ç –∂–∞—Å–∞–ª–º–∞–¥—ã, ”ô–¥–µ—Ç—Ç–µ–≥—ñ —É–Ω–∏–≤–µ—Ä—Å–∏—Ç–µ—Ç—Ç–µ—Ä–¥–µ –æ–ª–∞—Ä –ø—Ä–∞–∫—Ç–∏–∫–∞–¥–∞–Ω –±—ñ—Ä –∞–π –±“±—Ä—ã–Ω –±–µ—Ä–µ–¥—ñ! –ù”ô—Ç–∏–∂–µ—Å—ñ–Ω–¥–µ –æ–ª–∞—Ä –±“±–ª –∫–µ–ª—ñ—Å—ñ–º—à–∞—Ä—Ç—Ç—ã “õ–∞—Ç–µ–ª—ñ–∫—Ç–µ—Ä–º–µ–Ω –∂–∞—Å–∞–¥—ã, –∞–ª –ø—Ä–∞–∫—Ç–∏–∫–∞ –∫“Ø–Ω–¥–µ–ª—ñ–≥—ñ - –±“±–ª –∂–∞–π –Ω”ô—Ä—Å–µ! –ö”©–ø—Ç–µ–≥–µ–Ω “õ–∞—Ç–µ–ª—ñ–∫—Ç–µ—Ä !!! –ê–ª —Ç—Ä–µ–Ω–∏–Ω–≥—Ç—ñ“£ —Å–æ“£—ã–Ω–¥–∞ –±“±–ª –ö–ö–ö–û–ú–ë–û –±–æ–ª–¥—ã, –¥–∏—Å—Å–µ—Ä—Ç–∞—Ü–∏—è–ª–∞—Ä “õ–æ—Ä“ì–∞—É“ì–∞ 2 –∞–ø—Ç–∞ “õ–∞–ª“ì–∞–Ω–¥–∞ —Ç–∞“õ—ã—Ä—ã–ø ”©–∑–≥–µ—Ä–¥—ñ (–±“±–ª –±—ñ–∑–¥—ñ“£ –µ–º–µ—Å, —Å—ñ–∑–¥–µ—Ä–¥—ñ“£ –ø—Ä–æ–±–ª–µ–º–∞–ª–∞—Ä—ã“£—ã–∑ –¥–µ–¥—ñ) üëçüèª –ñ–∞–ª–ø—ã, –º–∞–≥–∏—Å—Ç—Ä–∞—Ç—É—Ä–∞–¥–∞ –±–∞—Å“õ–∞ –∂–µ—Ä–¥–µ, —Ç—ñ–ø—Ç—ñ 3 –µ—Å–µ –∞—Ä–∑–∞–Ω –æ“õ—ã“ì–∞–Ω –¥“±—Ä—ã—Å! –ê–ª “õ–∞–∑—ã–Ω–∞—à—ã–ª—ã“õ –±“±—Ä—ã–Ω –º–∞“õ—Ç–∞—É–ª–∞—Ä–º–µ–Ω –±—ñ—Ä–¥–µ–π –µ–º–µ—Å!
29;positive;–ë“±–ª –∫”©–ø –∂–∞“ì—ã–Ω–∞–Ω —Ä–µ—Å–ø—É–±–ª–∏–∫–∞–¥–∞“ì—ã –µ“£ “Ø–∑–¥—ñ–∫ —É–Ω–∏–≤–µ—Ä—Å–∏—Ç–µ—Ç –µ–∫–µ–Ω—ñ –¥–∞—É—Å—ã–∑. –ú–µ–Ω—ñ“£ –ê–ª–º–∞ –º–∞—Ç–µ—Ä–∏–≥—ñ–º. –ö–æ–Ω—Ç–∏–Ω–≥–µ–Ω—Ç ”ô—Ä —Ç“Ø—Ä–ª—ñ, –±—ñ—Ä–∞“õ —Å–∞–ø–∞ —Å–∞–Ω–Ω–∞–Ω ”©—Å–µ–¥—ñ
30;neutral;–ñ–∞“£–∞, —Ç–∞–∑–∞–ª—ã–∫ –∂–∞“ì—ã–Ω–∞–Ω –∂–∞–∫—Å—ã. –ë–∏–ª–∏–º –∂–∞“ì—ã–Ω–∞–Ω –∂–∞–∫—Å—ã –¥–µ–ø –∞–π—Ç–∞ –∞–ª–º–∞–π–º.
31;negative;–ë“±–ª –µ“£ –Ω–∞—à–∞—Ä —É–Ω–∏–≤–µ—Ä—Å–∏—Ç–µ—Ç, –º“Ø–º–∫—ñ–Ω –∂“Ø–∑, “õ–∞–ª—ã–ø—Ç—ã –æ“õ—ã“ì—ã—Å—ã –∫–µ–ª–µ—Ç—ñ–Ω–¥–µ—Ä–¥—ñ“£ –±”ô—Ä—ñ, –æ–Ω—ã –±“±–∑–±–∞“£—ã–∑, –±–æ–ª–∞—à–∞“ì—ã“£—ã–∑“ì–∞ –æ—Å—ã–Ω–¥–∞ –∫—ñ—Ä–º–µ“£—ñ–∑
32;negative;–ë–æ–æ—Ä–ª—ã“õ –∫”©–∑“õ–∞—Ä–∞—Å. –ö—ñ—Ä–µ –±–µ—Ä—ñ—Å—Ç–µ –ø–∏—Ç–±—É–ª–ª –∞—Ç—Ç—ã ”ô–π–µ–ª —Ç“±—Ä. –ú–∞—Å–∫–∞ –Ω–µ–º–µ—Å–µ –∞—à—Ç—ã“õ “Ø—à—ñ–Ω ”©–ª—Ç—ñ—Ä—É–≥–µ –¥–∞–π—ã–Ω. –ú–µ–Ω —Å—Ç—É–¥–µ–Ω—Ç—Ç–µ—Ä–≥–µ –∞–π“õ–∞–π–ª–∞—É“ì–∞ “Ø–π—Ä–µ–Ω—ñ–ø “õ–∞–ª“ì–∞–Ω–º—ã–Ω. –£–∂–∞—Å. –ë—ñ–ª—ñ–∫—Ç—ñ–ª—ñ–∫—Ç—ñ –∞—Ä—Ç—Ç—ã—Ä—É –∫—É—Ä—Å—Ç–∞—Ä—ã–Ω–∞ –∫–µ–ª–¥—ñ–∫, –æ–ª –±—ñ–∑–¥—ñ ”©–ª—Ç—ñ—Ä–µ –∂–∞–∑–¥–∞–¥—ã. –ë–µ–π—à–∞—Ä–∞ —Å—Ç—É–¥–µ–Ω—Ç—Ç–µ—Ä –∫“Ø–Ω–¥–µ –æ—Å—ã–ª–∞–π ”©—Ç–µ–¥—ñ. –ú–µ–Ω –±–∞–ª–∞–º–¥—ã –æ—Å—ã–Ω–¥–∞ –æ“õ—É“ì–∞ –±–µ—Ä–º–µ—Å –µ–¥—ñ–º. –ö—ñ—Ä—É –æ–ª–∞—Ä –∞—É–¥–∏—Ç–æ—Ä–∏—è–¥–∞ “õ–∞–Ω–¥–∞–π –±–æ–ª—Å–∞? –ñ–∞–ª–ø—ã, –±—ñ—Ä —Ç–µ—Ä—ñ—Å.
33;neutral;–ú“±“ì–∞–ª—ñ–º–¥–µ—Ä “õ“±–∑—ã—Ä–µ—Ç—Ç—ñ. –†–µ—Å–µ–π–ª—ñ–∫ —Ñ–∏–ª–∏–∞–ª–¥–∞—Ä–¥–∞ –≥—Ä–∞–Ω—Ç—Ç–∞—Ä “õ—ã—Å“õ–∞—Ä—Ç—ã–ª–¥—ã, —Å–æ–Ω–¥—ã“õ—Ç–∞–Ω –º–µ–Ω “õ–∞–∑–∞“õ —Ç—ñ–ª—ñ–Ω–¥–µ –æ“õ—É“ì–∞ —Ç—É—Ä–∞ –∫–µ–ª–µ–¥—ñ, –±—ñ—Ä –∂–∞“ì—ã–Ω–∞–Ω ”©–∑ –∞–Ω–∞ —Ç—ñ–ª—ñ–º–¥—ñ “Ø–π—Ä–µ–Ω–µ—Ç—ñ–Ω—ñ–º –∂–∞“õ—Å—ã, –µ–∫—ñ–Ω—à—ñ –∂–∞“ì—ã–Ω–∞–Ω, –º–µ–Ω –æ–Ω—ã –±—ñ–ª–º–µ—Å–µ–º –¥–µ, –º–µ–Ω ”ô–ª—ñ –¥–µ –ø–∞—Ç—Ä–∏–æ—Ç–ø—ã–Ω –∂”ô–Ω–µ –∞–∑–∞–º–∞—Ç–ø—ã–Ω, –±—ñ—Ä–∞“õ —Å–æ–Ω—ã–º–µ–Ω –±—ñ—Ä–≥–µ –º–µ–Ω—ñ“£ –≥—Ä–∞–Ω—Ç—ã–º “õ—ã—Å“õ–∞—Ä—Ç—ã–ª–¥—ã. –°—Ç–∏–ø–µ–Ω–¥–∏—è 60 –∫“Ø–Ω–≥–µ –∫–µ—à—ñ–∫—Ç—ñ—Ä—ñ–ª–¥—ñ. –ú–µ–Ω—ñ –æ—Å—ã —É–∞“õ—ã—Ç“õ–∞ –¥–µ–π—ñ–Ω “õ–∞–∑–∞–Ω –º–µ–Ω “õ–∞—Ä–∞—à–∞“ì–∞ —à—ã“ì–∞—Ä“ì–∞–Ω –∂–æ“õ, –±—ñ—Ä–∞“õ “õ—ã—Ä–∫“Ø–π–µ–∫–∫–µ 29 “õ–∞–∑–∞–Ω–¥–∞ —à—ã“ì–∞—Ä–¥—ã–º.
34;negative;–ñ–∞–∑–¥–∞ —Ç”©–ª–µ—É “Ø—à—ñ–Ω –∞—Ä–Ω–∞–π—ã —Å—Ç—É–¥–µ–Ω—Ç—Ç–µ—Ä–¥—ñ “õ“±–ª–∞—Ç—É
35;positive;“í–∏–º–∞—Ä–∞—Ç “±“õ—ã–ø—Ç—ã, –∏–Ω—Ç–µ—Ä—å–µ—Ä—ñ –±—ñ–ª—ñ–º, –º”©–ª–¥—ñ—Ä “õ–∞–±—ã—Ä“ì–∞–ª–∞—Ä. –´“£“ì–∞–π–ª—ã –∫”©—Ä—ñ–Ω–µ–¥—ñ.
36;negative;–ú–µ–Ω 2 —Å–∞“ì–∞—Ç –∫“Ø—Ç—Ç—ñ–º –¥–∞–π—ã–Ω–¥–∞–ª“ì–∞–Ω “õ“±–∂–∞—Ç—Ç—ã –∞–ª—É “Ø—à—ñ–Ω, –º–µ–Ω “õ—ã–∑–º–µ—Ç–∫–µ—Ä–ª–µ—Ä–¥—ñ“£ “õ–∞–ª–∞–π –∂“±–º—ã—Å —ñ—Å—Ç–µ–π—Ç—ñ–Ω—ñ–Ω, –Ω–µ —ñ—Å—Ç–µ–ø –∂–∞—Ç“õ–∞–Ω—ã–Ω —Ç“Ø—Å—ñ–Ω–±–µ–π–º—ñ–Ω
37;positive;–ë“±–ª –æ“õ—É –æ—Ä–Ω—ã –∂—ã–ª —Å–∞–π—ã–Ω –¥–∞–º—ã–ø –∫–µ–ª–µ–¥—ñ. –û–Ω—ã“£ –±–æ–ª–∞—à–∞“ì—ã –±–∞—Ä.
38;positive;”®—Ç–µ –∂–∞“õ—Å—ã!
39;negative;–ñ–∞–º–∞–Ω –µ–º–µ—Å
40;positive;”®—Ç–µ –∂–∞“ì—ã–º–¥—ã –∑–µ—Ä—Ç—Ç–µ—É
41;positive;–≠–ª–∏—Ç–∞–ª—ã“õ –æ—Ä—ã–Ω
42;positive;–ö–µ—Ä–µ–º–µ—Ç –∂–µ—Ä
43;negative;–û–Ω—à–∞ –µ–º–µ—Å
44;negative;–ù–∞—à–∞—Ä —É–Ω–∏–≤–µ—Ä—Å–∏—Ç–µ—Ç
45;negative;–ò—Ç –±–∞–π–ª–∞—Å–∞ —Ç“±—Ä–º–∞–π—Ç—ã–Ω –∂–µ—Ä
46;negative;–ë“±–ª —É–Ω–∏–≤–µ—Ä—Å–∏—Ç–µ—Ç–∫–µ “õ–∞–π—Ç—ã–ø –∫–µ–ª–º–µ—Å–ø—ñ–Ω
47;negative;–ê—Ç—ã–Ω –µ—Å—Ç—ñ—Å–µ–º –∂“Ø—Ä–µ–≥—ñ–º –∞–π–Ω–∏–¥—ã
48;positive;“ö—É–∞–Ω–∞—Ç—ã–Ω–¥–∞–π —É–Ω–∏–≤–µ—Ä—Å–∏—Ç–µ—Ç
49;positive;–ê–±–∞–π –∞—Ç—ã–Ω–¥–∞“ì—ã “ö–∞–∑“∞–ü–£  2005 –∂—ã–ª“ì—ã —Ç“Ø–ª–µ–≥—ñ –µ–¥—ñ–∫...“õ–∞–π—Ä–∞–Ω –∞–ª—Ç—ã–Ω —É–∞“õ—ã—Ç,—Å—Ç—É–¥–µ–Ω—Ç—Ç—ñ–∫ ”©–º—ñ—Ä ”©–∑–µ–≥—ñ –±—ñ—Ä “ì–∞–Ω–∏ –±–µ—Ç. –ï–Ω–¥—ñ –º—ñ–Ω–µ 15–∂—ã–ª–¥–∞–π ”©—Ç—ñ–ø—Ç—ñ –æ—Å—ã –±—ñ–ª—ñ–º –æ—Ä–¥–∞—Å—ã–Ω –±—ñ—Ç—ñ—Ä–≥–µ–Ω—ñ–º—ñ–∑–≥–µ.–ñ–æ“ì–∞—Ä“ì—ã –±—ñ–ª—ñ–º –æ—Ä–¥–∞—Å—ã–Ω–∞ –∞–π—Ç–∞—Ä—ã–º –∞—Å“õ–∞—Ç–∞–π –±–µ—Ä—Å—ñ–Ω
50;negative;–ë—ñ–∑ ¬´–®–∞–ø–∞“ì–∞—Ç¬ª —Å—Ç—É–¥–µ–Ω—Ç—Ç–µ—Ä–≥–µ “õ—ã–∑–º–µ—Ç –∫”©—Ä—Å–µ—Ç—É –æ—Ä—Ç–∞–ª—ã“ì—ã–Ω–∞–Ω –∫–µ“£–µ—Å –∞–ª—É“ì–∞ –±–∞—Ä–¥—ã“õ. –û–Ω–¥–∞ –ö–∞—Ä–∏–Ω–∞ –µ—Å—ñ–º–¥—ñ –±–æ–π–∂–µ—Ç–∫–µ–Ω ”©–∑—ñ–Ω—ñ“£ –¥–µ—Ä–µ–∫—Ç–µ—Ä—ñ–Ω (—Ç–µ–ª–µ—Ñ–æ–Ω –Ω”©–º—ñ—Ä—ñ –º–µ–Ω –ñ–°–ù) –∞–π—Ç—É–¥—ã —Ç–∞–ª–∞–ø –µ—Ç–µ–¥—ñ, —Å–µ–±–µ–±—ñ–Ω —Å“±—Ä–∞“ì–∞–Ω–¥–∞, –æ–ª —à—ã–Ω—ã–º–µ–Ω –∂–∞—É–∞–ø –±–µ—Ä–µ –∞–ª–º–∞–¥—ã, –æ–ª “õ–∞–∂–µ—Ç –µ–∫–µ–Ω—ñ–Ω –∞–π—Ç—Ç—ã. –û–ª –±–∞—Ä–ª—ã“õ –¥–µ—Ä–µ–∫—Ç–µ—Ä–¥—ñ –∫–æ–º–ø—å—é—Ç–µ—Ä–≥–µ –µ–Ω–≥—ñ–∑–≥–µ–Ω–Ω–µ–Ω –∫–µ–π—ñ–Ω –º–µ–Ω –±–∞—Å“õ–∞ –∞—É—Ä—É—Ö–∞–Ω–∞“ì–∞ –∞—É—ã—Å—Ç—ã—Ä—ã–ª“ì–∞–Ω—ã–º —Ç—É—Ä–∞–ª—ã —Ö–∞–±–∞—Ä–ª–∞–º–∞ –∞–ª–¥—ã–º. –ë“±–ª “õ–∞–ª–∞–π –±–æ–ª–¥—ã? –ù–µ–≥–µ –º–µ–Ω—ñ“£ –±—ñ–ª—ñ–º—ñ–º—Å—ñ–∑ –∂”ô–Ω–µ –∫–µ–ª—ñ—Å—ñ–º—ñ–º—Å—ñ–∑? –ë–∞–π–ª–∞–Ω—ã—Å –æ—Ä—Ç–∞–ª—ã“ì—ã–Ω–∞ “õ–æ“£—ã—Ä–∞—É —à–∞–ª—Å–∞“£—ã–∑, —Ç–µ–ª–µ—Ñ–æ–Ω–¥—ã –µ—à–∫—ñ–º –∫”©—Ç–µ—Ä–º–µ–π–¥—ñ, –∞–ª “õ–æ“£—ã—Ä–∞—É –∫–µ–ª—Å–µ, —Ç–∞—Å—Ç–∞–π–¥—ã. –ñ–µ–∫–µ –¥–µ—Ä–µ–∫—Ç–µ—Ä–¥—ñ –±–µ—Ä—É –∫–µ–∑—ñ–Ω–¥–µ —Å–∞“õ –±–æ–ª—ã“£—ã–∑.
51;negative;–ú–µ–Ω –±–æ–ª“ì–∞–Ω –µ“£ –Ω–∞—à–∞—Ä “õ–∞–±—ã–ª–¥–∞—É –±”©–ª—ñ–º—ñ. “∞–π—ã–º–¥–∞“ì—ã ”©—Ç–µ –∂–∏—ñ—Ä–∫–µ–Ω—ñ—à—Ç—ñ “õ—ã–∑–º–µ—Ç–∫–µ—Ä–ª–µ—Ä. “ö–æ“£—ã—Ä–∞—É–ª–∞—Ä“ì–∞ –∂–∞—É–∞–ø –±–µ—Ä—ñ–ª–º–µ—Å–µ, —Å—ñ–∑–≥–µ –Ω–µ “Ø—à—ñ–Ω –±–∞–π–ª–∞–Ω—ã—Å –æ—Ä—Ç–∞–ª—ã“ì—ã “õ–∞–∂–µ—Ç? “ö–æ“£—ã—Ä–∞—É —Ç“Ø—Å–∫–µ–Ω –∫–µ–∑–¥–µ –æ–ª–∞—Ä –æ–Ω—ã —Ç–∞—Å—Ç–∞–π–¥—ã.
52;negative;–ë“Ø–∫—Ç–µ–ª–≥–µ–Ω, –Ω–∞—à–∞—Ä —É–Ω–∏–≤–µ—Ä—Å–∏—Ç–µ—Ç, “õ–∞—Ä–∞–ø–∞–π—ã–º “õ“±–∂–∞—Ç—Ç–∞—Ä–¥—ã –∂–∏–Ω–∞—É —Ç–µ–∑ –∂“±–º—ã—Å –∂–∞—Å–∞–º–∞–π–¥—ã, ¬´–®–∞–ø–∞“ì–∞—Ç¬ª “±–π—ã–º—ã - –±“±–ª –±”©–ª–µ–∫ —Ç–∞“õ—ã—Ä—ã–ø, –º–µ–Ω —Å—ñ–∑–≥–µ –∫–µ“£–µ—Å –±–µ—Ä–º–µ–π–º—ñ–Ω!
53;negative;”ò–¥—ñ–ª–µ—Ç—Å—ñ–∑–¥—ñ–∫ –±”ô—Ä—ñ–Ω–µ–Ω –∂–æ“ì–∞—Ä—ã
54;negative;–ê–¥–∞–º–≥–µ—Ä—à—ñ–ª—ñ–∫ –∂–æ“õ, –æ–ª–∞—Ä —Å—Ç—É–¥–µ–Ω—Ç—Ç–µ—Ä–¥—ñ “õ–∞–ª–∞–π —Ç–µ–∑ –∂”ô–Ω–µ –∫”©–ø –∞“õ—à–∞ –∂–∏–Ω–∞—É –∫–µ—Ä–µ–∫—Ç—ñ–≥—ñ–Ω –æ–π–ª–∞–π–¥—ã
55;negative;“ö“±—Ä–º–µ—Ç—Ç—ñ ”ô–∫—ñ–º—à—ñ–ª—ñ–∫, —Å—ñ–∑–¥—ñ“£ —Å–∞–π—Ç –ª–∏—Ü–µ–Ω–∑–∏—è—Å—ã –∂–æ“õ, —Å–∞–π—Ç“õ–∞ –∫—ñ—Ä—É–≥–µ –ú“Æ–ú–ö–Ü–ù –µ–º–µ—Å
56;positive;–ñ–∞“õ—Å—ã —É–Ω–∏–≤–µ—Ä—Å–∏—Ç–µ—Ç. –ñ–∞“õ—Å—ã –∂–µ—Ä–¥–µ.
57;negative;–ú“±“ì–∞–ª—ñ–º–¥–µ—Ä –±—ñ–ª—ñ–º—Å—ñ–∑ 
58;positive;“ö–∞–∑–∞“õ—Å—Ç–∞–Ω–¥–∞“ì—ã –ø–µ–¥–∞–≥–æ–≥–∏–∫–∞–ª—ã“õ –∂–æ“ì–∞—Ä—ã –æ“õ—É –æ—Ä—ã–Ω–¥–∞—Ä—ã–Ω—ã“£ —ñ—à—ñ–Ω–¥–µ –±—ñ—Ä—ñ–Ω—à—ñ –æ—Ä—ã–Ω–¥–∞
59;negative;“ö—ã–∑–º–µ—Ç–∫–µ—Ä–ª–µ—Ä–¥—ñ“£ “õ—ã–∑–º–µ—Ç—ñ “õ–æ—Ä“õ—ã–Ω—ã—à—Ç—ã
60;negative;–±–∞—Ä–ª—ã“ì—ã —Ç–æ–ª“õ—Ç–∞–ø “õ–∞–ª“ì–∞–Ω, —Ç“Ø–∫ –∂–æ“õ
61;positive;–ú“±“ì–∞–ª—ñ–º–¥–µ—Ä–¥—ñ“£ –∑–µ–π–Ω–µ—Ç–∫–µ —à—ã“ì—É –∂–∞—Å—ã “õ–∞—Ä–∞–ª“ì–∞–Ω –¥“±—Ä—ã—Å.“∞—Ä–ø–∞“ì—ã“£–∞ –∞–ø–∞—Ç –∂–∞—Å–∞–º–∞.–ñ–∞—Å—ã –∫–µ–ª–≥–µ–Ω —Å–∞–π—ã–Ω –∫”©–∑ –∫”©—Ä—É–¥–µ–Ω,“õ“±–ª–∞“õ –µ—Å—Ç—É–¥–µ–Ω “õ–∞–ª–∞–¥—ã.”®–∫–ø–µ—Å—ñ–Ω —Å“Ø–π—Ä–µ—Ç—ñ–ø –∂“Ø—Ä—ñ–ø –∂–∞—Å—ã –∫–µ–ª–≥–µ–Ω –∞–¥–∞–º “õ–∞–ª–∞–π —Å–∞–±–∞“õ –±–µ—Ä–µ–¥—ñ.–ú“±“ì–∞–ª—ñ–º–Ω—ñ“£ –º”ô—Ä—Ç–µ–±–µ—Å—ñ–Ω –∫”©—Ç–µ—Ä–µ–º –¥–µ—Å–µ“£ –æ“õ—É—à—ã“ì–∞ –º–∞–∑–∞“õ.–∫“Ø–ª–∫—ñ “õ—ã–ª–º–∞–π –∞–±—ã—Ä–æ–π–º–µ–Ω –∞“õ—ã–ª-–µ—Å—ñ –±“Ø—Ç—ñ–Ω,“õ–∞–π—Ä–∞—Ç—ã –±–∞—Ä –∫–µ–∑–¥–µ –∑–µ–π–Ω–µ—Ç–∫–µ—Ä–ª—ñ–∫–∫–µ –∂—ñ–±–µ—Ä.–ê—Ç–∞“ì—ã“£–∞ –¥–∞ ,–∞“õ—à–∞“£–∞ –¥–∞ —Ä–∞“õ–º–µ—Ç.–ê–±—ã—Ä–æ–π–º–µ–Ω ,¬ª“±—Å—Ç–∞–∑ –¥–µ–≥–µ–Ω “±–ª–∞“ì–∞—Ç—Ç—ã –µ—Å—ñ–º–¥—ñ¬ª“õ–∞—Å—Ç–µ—Ä–ª–µ–ø —Å”©–∑—ñ“£–¥—ñ –º—ã–∂—ã–º–∞–π,“õ–∞–ª—Ç–∞“£–¥–∞–º–∞–π –º–µ–∫—Ç–µ–ø—Ç–µ–Ω –∫–µ—Ç–∫–µ–Ω–≥–µ –Ω–µ –∂–µ—Ç—Å—ñ–Ω!55 –∂–∞—Å—Ç—ã “õ–æ–ª–¥–∞–π–º—ã–Ω
62;positive;–ú“±“ì–∞–ª—ñ–º –º”ô—Ä—Ç–µ–±–µ—Å—ñ–Ω –∫”©—Ç–µ—Ä—É ”©—Ç–µ –æ—Ä—ã–Ω–¥—ã.
63;negative;“ö–∞–π—ã—Ä–ª—ã –∫“Ø–Ω ! –°—ñ–∑–¥—ñ“£ —É–Ω–∏–≤–µ—Ä—Å–∏—Ç–µ—Ç—Ç–µ –Ω–µ–≥–µ –∂“±–ø –∂–æ“õ? –ù–µ–ª—ñ–∫—Ç–µ–Ω –º“±“ì–∞–ª—ñ–º–¥–µ—Ä –∂“±–º—ã—Å“õ–∞ –∫–µ–ª–º–µ—É–≥–µ —Ä“±“õ—Å–∞—Ç –±–µ—Ä–µ–¥—ñ? –°—Ç—É–¥–µ–Ω—Ç—Ç–µ—Ä–≥–µ –¥–µ–≥–µ–Ω –º“±–Ω–¥–∞–π –∫”©–∑“õ–∞—Ä–∞—Å—Ç—ã –±—ñ—Ä—ñ–Ω—à—ñ —Ä–µ—Ç –∫–µ–∑–¥–µ—Å—Ç—ñ—Ä—É—ñ–º, –±–∞–ª–∞–º –æ“õ—É“ì–∞ –¥–µ–≥–µ–Ω —ã–Ω—Ç–∞—Å—ã–Ω –∂–æ“ì–∞–ª—Ç—ã–ø –∞–ª–¥—ã, —É–∞“õ—ã—Ç ”©—Ç–µ –∫–µ–ª–µ –æ“õ—É —Å–∞“ì–∞—Ç—Ç–∞—Ä—ã–Ω –±—ñ—Ä –∂“±–ø—Ç—ã“£ –∫–µ—Å—ñ—Ä—ñ–Ω–µ–Ω 17-–≥–µ –¥–µ–π—ñ–Ω —Å—Ç—É–¥–µ–Ω—Ç “õ–∞–ª–∞–Ω—ã –∞—Ä–∞–ª–∞–ø –∫–µ—Ç–ø–µ–π—Ç—ñ–Ω–¥–µ–π –µ—Ç—ñ–ø –±–µ–ª–≥—ñ–ª–µ–π—Å—ñ–∑. –∫–µ—à–∫—ñ —Å–∞“ì–∞—Ç! –ë—ñ—Ä –∂“±–ø 9:00, –µ–∫—ñ–Ω—à—ñ—Å—ñ 17:00!–ë“±–ª –∑–µ—Ä—Ç—Ç–µ—É –º–µ? –°—ñ–∑ —Å—Ç—É–¥–µ–Ω—Ç—Ç–µ—Ä–¥—ñ –º“Ø–ª–¥–µ–º –æ“õ—ã—Ç–∞—Å—ã–∑ –±–∞? –ë“±–ª–∞–π –∂–∞–ª“ì–∞—Å–∞ –±–µ—Ä—Å–µ –ë—ñ–ª—ñ–º –º–∏–Ω–∏—Å—Ç—Ä–ª—ñ–≥—ñ–Ω–µ –∂–∞–∑–∞–º—ã–Ω!
